"2013-12-31", 7039.70 
"2014-01-02", 7003.10 
"2014-01-03", 7010.50 
"2014-01-06", 7013.40 
"2014-01-07", 6984.30 
"2014-01-08", 7031.80 
"2014-01-09", 6942.30 
"2014-01-10", 6910.00 
"2014-01-13", 6902.50 
"2014-01-14", 6972.00 
"2014-01-15", 6980.20 
"2014-01-16", 7000.10 
"2014-01-17", 7001.90 
"2014-01-21", 6989.00 
"2014-01-22", 7067.40 
"2014-01-23", 7022.30 
"2014-01-24", 6896.80 
"2014-01-27", 6802.90 
"2014-01-28", 6689.00 
"2014-01-29", 6470.40 
"2014-01-30", 6338.50 
"2014-01-31", 6493.30 
"2014-02-03", 6437.40 
"2014-02-04", 6632.40 
"2014-02-05", 6827.50 
"2014-02-06", 7019.40 
"2014-02-07", 6954.10 
"2014-02-10", 7024.70 
"2014-02-11", 7230.90 
"2014-02-12", 7314.70 
"2014-02-13", 7316.50 
"2014-02-14", 7494.10 
"2014-02-18", 7307.50 
"2014-02-19", 7334.70 
"2014-02-20", 7207.10 
"2014-02-21", 7153.60 
"2014-02-24", 7219.10 
"2014-02-25", 7299.50 
"2014-02-26", 7401.80 
"2014-02-27", 7341.00 
"2014-02-28", 7458.50 
"2014-03-03", 7316.10 
"2014-03-04", 7320.70 
"2014-03-05", 7419.70 
"2014-03-06", 7466.80 
"2014-03-07", 7351.90 
"2014-03-10", 7235.60 
"2014-03-11", 7205.40 
"2014-03-12", 7030.20 
"2014-03-13", 7091.90 
"2014-03-14", 7037.40 
"2014-03-17", 7009.50 
"2014-03-18", 7193.30 
"2014-03-19", 7138.80 
"2014-03-20", 7114.70 
"2014-03-21", 6900.10 
"2014-03-24", 6941.60 
"2014-03-25", 7033.60 
"2014-03-26", 7078.00 
"2014-03-27", 7101.40 
"2014-03-28", 7131.00 
"2014-03-31", 7165.10 
"2014-04-01", 7257.10 
"2014-04-02", 7268.70 
"2014-04-03", 7299.10 
"2014-04-04", 7209.80 
"2014-04-07", 7141.60 
"2014-04-08", 7339.90 
"2014-04-09", 7390.80 
"2014-04-10", 7377.00 
"2014-04-11", 7382.80 
"2014-04-14", 7433.90 
"2014-04-15", 7387.90 
"2014-04-16", 7425.60 
"2014-04-17", 7330.40 
"2014-04-21", 7383.70 
"2014-04-22", 7365.90 
"2014-04-23", 7342.20 
"2014-04-24", 7388.50 
"2014-04-25", 7271.80 
"2014-04-28", 7134.30 
"2014-04-29", 7167.50 
"2014-04-30", 7381.60 
"2014-05-01", 7381.60 
"2014-05-02", 7398.10 
"2014-05-05", 7299.90 
"2014-05-06", 7287.10 
"2014-05-07", 7275.20 
"2014-05-08", 7348.90 
"2014-05-09", 7344.30 
"2014-05-12", 7379.00 
"2014-05-13", 7474.20 
"2014-05-14", 7664.20 
"2014-05-15", 7618.70 
"2014-05-16", 7568.10 
"2014-05-19", 7477.80 
"2014-05-20", 7255.30 
"2014-05-21", 7255.30 
"2014-05-22", 7374.70 
"2014-05-23", 7415.90 
"2014-05-27", 7466.20 
"2014-05-28", 7515.80 
"2014-05-29", 7529.20 
"2014-05-30", 7322.40 
"2014-06-02", 7270.10 
"2014-06-03", 7400.40 
"2014-06-04", 7491.60 
"2014-06-05", 7593.70 
"2014-06-06", 7574.60 
"2014-06-09", 7468.10 
"2014-06-10", 7447.50 
"2014-06-11", 7429.60 
"2014-06-12", 7341.30 
"2014-06-13", 7266.50 
"2014-06-16", 7218.40 
"2014-06-17", 7211.40 
"2014-06-18", 7233.80 
"2014-06-19", 7285.30 
"2014-06-20", 7206.70 
"2014-06-23", 7206.80 
"2014-06-24", 7282.40 
"2014-06-25", 7258.70 
"2014-06-26", 7243.10 
"2014-06-27", 7204.60 
"2014-06-30", 7206.30 
"2014-07-01", 7215.10 
"2014-07-02", 7282.30 
"2014-07-03", 7339.30 
"2014-07-07", 7270.20 
"2014-07-08", 7295.70 
"2014-07-09", 7389.50 
"2014-07-10", 7348.40 
"2014-07-11", 7314.20 
"2014-07-14", 7203.50 
"2014-07-15", 7177.20 
"2014-07-16", 7177.20 
"2014-07-17", 7146.70 
"2014-07-18", 7180.70 
"2014-07-21", 7163.60 
"2014-07-22", 7166.80 
"2014-07-23", 7173.70 
"2014-07-24", 7178.30 
"2014-07-25", 7158.50 
"2014-07-28", 7140.30 
"2014-07-29", 7090.90 
"2014-07-30", 7085.50 
"2014-07-31", 7007.00 
"2014-08-01", 7042.50 
"2014-08-04", 7106.80 
"2014-08-05", 7103.10 
"2014-08-06", 7091.40 
"2014-08-07", 7038.70 
"2014-08-08", 7020.10 
"2014-08-11", 7174.40 
"2014-08-12", 7283.50 
"2014-08-13", 7338.40 
"2014-08-14", 7362.70 
"2014-08-15", 7362.70 
"2014-08-18", 7355.80 
"2014-08-19", 7337.40 
"2014-08-20", 7386.90 
"2014-08-21", 7417.00 
"2014-08-22", 7427.40 
"2014-08-25", 7470.70 
"2014-08-26", 7485.30 
"2014-08-27", 7441.50 
"2014-08-28", 7340.40 
"2014-08-29", 7433.70 
"2014-09-02", 7483.90 
"2014-09-03", 7513.90 
"2014-09-04", 7520.50 
"2014-09-05", 7523.60 
"2014-09-08", 7554.20 
"2014-09-09", 7538.50 
"2014-09-10", 7523.90 
"2014-09-11", 7381.30 
"2014-09-12", 7319.80 
"2014-09-15", 7273.50 
"2014-09-16", 7309.50 
"2014-09-17", 7362.20 
"2014-09-18", 7362.20 
"2014-09-19", 7362.20 
"2014-09-22", 7334.50 
"2014-09-23", 7329.20 
"2014-09-24", 7372.60 
"2014-09-25", 7394.80 
"2014-09-26", 7439.70 
"2014-09-29", 7351.80 
"2014-09-30", 7313.10 
"2014-10-01", 7130.40 
"2014-10-02", 7231.70 
"2014-10-03", 7332.50 
"2014-10-06", 7269.60 
"2014-10-07", 7244.80 
"2014-10-08", 7226.60 
"2014-10-09", 7164.70 
"2014-10-10", 7028.20 
"2014-10-13", 7036.50 
"2014-10-14", 7013.00 
"2014-10-15", 6933.70 
"2014-10-16", 6883.80 
"2014-10-17", 6866.50 
"2014-10-20", 6796.70 
"2014-10-21", 6888.80 
"2014-10-22", 6951.10 
"2014-10-23", 7017.90 
"2014-10-24", 6954.90 
"2014-10-27", 6968.10 
"2014-10-28", 6980.00 
"2014-10-29", 6948.90 
"2014-10-30", 6990.10 
"2014-10-31", 6990.10 
"2014-11-03", 7101.60 
"2014-11-04", 7097.20 
"2014-11-05", 7120.20 
"2014-11-06", 7153.00 
"2014-11-07", 7152.00 
"2014-11-10", 7161.30 
"2014-11-11", 7151.30 
"2014-11-12", 7157.50 
"2014-11-13", 7175.20 
"2014-11-14", 7152.00 
"2014-11-17", 7117.10 
"2014-11-18", 7120.60 
"2014-11-19", 7135.40 
"2014-11-20", 7190.60 
"2014-11-21", 7222.90 
"2014-11-24", 7187.40 
"2014-11-25", 7192.30 
"2014-11-26", 7130.10 
"2014-11-28", 7177.70 
"2014-12-01", 7152.30 
"2014-12-02", 7129.10 
"2014-12-03", 7167.30 
"2014-12-04", 7126.90 
"2014-12-05", 7057.50 
"2014-12-08", 7057.50 
"2014-12-09", 6960.40 
"2014-12-10", 6829.60 
"2014-12-11", 6844.50 
"2014-12-12", 6776.70 
"2014-12-15", 6687.80 
"2014-12-16", 6714.00 
"2014-12-17", 6718.50 
"2014-12-18", 6886.40 
"2014-12-19", 6784.80 
"2014-12-22", 6753.70 
"2014-12-23", 6765.60 
"2014-12-24", 6792.00 
"2014-12-26", 6765.00 
"2014-12-29", 6878.80 
"2014-12-30", 6848.90 
"2014-12-31", 6848.90 
"2015-01-02", 6887.60 
"2015-01-05", 6787.00 
"2015-01-06", 6764.30 
"2015-01-07", 6756.00 
"2015-01-08", 6739.80 
"2015-01-09", 6793.80 
"2015-01-12", 6795.00 
"2015-01-13", 6800.70 
"2015-01-14", 6767.90 
"2015-01-15", 6705.10 
"2015-01-16", 6707.10 
"2015-01-20", 6687.30 
"2015-01-21", 6858.60 
"2015-01-22", 6992.60 
"2015-01-23", 7029.40 
"2015-01-26", 7090.10 
"2015-01-27", 7186.70 
"2015-01-28", 7143.80 
"2015-01-29", 7194.70 
"2015-01-30", 7170.00 
"2015-02-02", 7129.50 
"2015-02-03", 7200.70 
"2015-02-04", 7193.20 
"2015-02-05", 7130.80 
"2015-02-06", 7188.40 
"2015-02-09", 7104.00 
"2015-02-10", 7112.70 
"2015-02-11", 7056.10 
"2015-02-12", 7196.00 
"2015-02-13", 7184.10 
"2015-02-17", 7107.80 
"2015-02-18", 7146.80 
"2015-02-19", 7165.20 
"2015-02-20", 7195.50 
"2015-02-23", 7326.80 
"2015-02-24", 7185.90 
"2015-02-25", 7221.80 
"2015-02-26", 7231.20 
"2015-02-27", 7243.00 
"2015-03-02", 7137.50 
"2015-03-03", 7083.00 
"2015-03-04", 7080.70 
"2015-03-05", 7052.70 
"2015-03-06", 6993.20 
"2015-03-09", 6968.80 
"2015-03-10", 6939.10 
"2015-03-11", 6918.50 
"2015-03-12", 7037.90 
"2015-03-13", 6951.80 
"2015-03-16", 6883.30 
"2015-03-17", 6951.20 
"2015-03-18", 6989.30 
"2015-03-19", 7071.10 
"2015-03-20", 7176.30 
"2015-03-23", 7125.50 
"2015-03-24", 7142.20 
"2015-03-25", 7153.50 
"2015-03-26", 7089.40 
"2015-03-27", 7245.60 
"2015-03-30", 7304.70 
"2015-03-31", 7260.00 
"2015-04-01", 7290.20 
"2015-04-02", 7288.80 
"2015-04-06", 7313.40 
"2015-04-07", 7232.00 
"2015-04-08", 7218.70 
"2015-04-09", 7265.80 
"2015-04-10", 7252.40 
"2015-04-13", 7297.00 
"2015-04-14", 7235.70 
"2015-04-15", 7220.60 
"2015-04-16", 7363.00 
"2015-04-17", 7191.50 
"2015-04-20", 7166.40 
"2015-04-21", 7172.30 
"2015-04-22", 7174.70 
"2015-04-23", 7177.10 
"2015-04-24", 7242.50 
"2015-04-27", 7280.70 
"2015-04-28", 7167.10 
"2015-04-29", 7063.30 
"2015-04-30", 7021.10 
"2015-05-01", 7021.10 
"2015-05-04", 7070.60 
"2015-05-05", 7172.90 
"2015-05-06", 7207.40 
"2015-05-07", 7218.20 
"2015-05-08", 7127.60 
"2015-05-11", 7144.00 
"2015-05-12", 7153.30 
"2015-05-13", 7138.90 
"2015-05-14", 7070.70 
"2015-05-15", 7096.30 
"2015-05-18", 7062.40 
"2015-05-19", 7108.70 
"2015-05-20", 7079.20 
"2015-05-21", 7079.20 
"2015-05-22", 7080.20 
"2015-05-26", 6986.50 
"2015-05-27", 6981.60 
"2015-05-28", 7013.10 
"2015-05-29", 7075.90 
"2015-06-01", 6947.90 
"2015-06-02", 6882.10 
"2015-06-03", 6858.70 
"2015-06-04", 6800.00 
"2015-06-05", 6856.60 
"2015-06-08", 6862.70 
"2015-06-09", 6865.80 
"2015-06-10", 6903.60 
"2015-06-11", 6993.80 
"2015-06-12", 6900.70 
"2015-06-15", 6826.90 
"2015-06-16", 6862.90 
"2015-06-17", 6877.80 
"2015-06-18", 6957.40 
"2015-06-19", 6886.20 
"2015-06-22", 6928.40 
"2015-06-23", 6913.50 
"2015-06-24", 6872.90 
"2015-06-25", 6731.50 
"2015-06-26", 6700.70 
"2015-06-29", 6700.70 
"2015-06-30", 6789.30 
"2015-07-01", 6685.90 
"2015-07-02", 6735.80 
"2015-07-06", 6695.30 
"2015-07-07", 6627.20 
"2015-07-08", 6571.90 
"2015-07-09", 6658.40 
"2015-07-10", 6806.10 
"2015-07-13", 6853.90 
"2015-07-14", 6828.60 
"2015-07-15", 6786.60 
"2015-07-16", 6786.60 
"2015-07-17", 6838.60 
"2015-07-20", 6949.40 
"2015-07-21", 6937.10 
"2015-07-22", 6835.00 
"2015-07-23", 6857.80 
"2015-07-24", 6786.90 
"2015-07-27", 6685.40 
"2015-07-28", 6645.20 
"2015-07-29", 6681.60 
"2015-07-30", 6617.60 
"2015-07-31", 6745.60 
"2015-08-03", 6685.90 
"2015-08-04", 6751.60 
"2015-08-05", 6747.70 
"2015-08-06", 6740.10 
"2015-08-07", 6762.10 
"2015-08-10", 6778.40 
"2015-08-11", 6751.30 
"2015-08-12", 6763.30 
"2015-08-13", 6756.40 
"2015-08-14", 6728.00 
"2015-08-17", 6629.90 
"2015-08-18", 6647.90 
"2015-08-19", 6631.90 
"2015-08-20", 6567.60 
"2015-08-21", 6457.40 
"2015-08-24", 6241.60 
"2015-08-25", 6294.10 
"2015-08-26", 6342.50 
"2015-08-27", 6621.60 
"2015-08-28", 6764.80 
"2015-08-31", 6773.70 
"2015-09-01", 6763.30 
"2015-09-02", 6796.40 
"2015-09-03", 6836.10 
"2015-09-04", 6636.90 
"2015-09-08", 6526.30 
"2015-09-09", 6535.40 
"2015-09-10", 6623.60 
"2015-09-11", 6569.30 
"2015-09-14", 6569.80 
"2015-09-15", 6621.80 
"2015-09-16", 6651.90 
"2015-09-17", 6614.60 
"2015-09-18", 6614.60 
"2015-09-21", 6622.50 
"2015-09-22", 6597.40 
"2015-09-23", 6449.30 
"2015-09-24", 6405.50 
"2015-09-25", 6420.30 
"2015-09-28", 6300.80 
"2015-09-29", 6321.20 
"2015-09-30", 6315.60 
"2015-10-01", 6298.50 
"2015-10-02", 6316.10 
"2015-10-05", 6419.60 
"2015-10-06", 6432.50 
"2015-10-07", 6474.30 
"2015-10-08", 6455.80 
"2015-10-09", 6498.30 
"2015-10-12", 6498.30 
"2015-10-13", 6469.30 
"2015-10-14", 6410.30 
"2015-10-15", 6414.90 
"2015-10-16", 6374.50 
"2015-10-19", 6418.80 
"2015-10-20", 6440.40 
"2015-10-21", 6458.30 
"2015-10-22", 6494.10 
"2015-10-23", 6561.20 
"2015-10-26", 6554.70 
"2015-10-27", 6534.60 
"2015-10-28", 6482.50 
"2015-10-29", 6450.10 
"2015-10-30", 6478.60 
"2015-11-02", 6588.70 
"2015-11-03", 6693.30 
"2015-11-04", 6760.20 
"2015-11-05", 6809.70 
"2015-11-06", 6780.90 
"2015-11-09", 6721.40 
"2015-11-10", 6671.90 
"2015-11-11", 6581.60 
"2015-11-12", 6472.90 
"2015-11-13", 6410.30 
"2015-11-16", 6294.20 
"2015-11-17", 6242.20 
"2015-11-18", 6407.90 
"2015-11-19", 6518.80 
"2015-11-20", 6634.20 
"2015-11-23", 6438.60 
"2015-11-24", 6268.00 
"2015-11-25", 6203.60 
"2015-11-27", 6169.50 
"2015-11-30", 6096.20 
"2015-12-01", 6085.40 
"2015-12-02", 5987.60 
"2015-12-03", 6034.00 
"2015-12-04", 6100.50 
"2015-12-07", 6098.70 
"2015-12-08", 6098.70 
"2015-12-09", 5934.20 
"2015-12-10", 5970.20 
"2015-12-11", 5860.50 
"2015-12-14", 5957.50 
"2015-12-15", 6016.30 
"2015-12-16", 6144.70 
"2015-12-17", 6130.40 
"2015-12-18", 6016.30 
"2015-12-21", 5994.00 
"2015-12-22", 5977.60 
"2015-12-23", 6101.00 
"2015-12-24", 6076.50 
"2015-12-28", 6014.70 
"2015-12-29", 6021.40 
"2015-12-30", 6083.20 
"2015-12-31", 6083.20 
"2016-01-04", 5921.50 
"2016-01-05", 5903.40 
"2016-01-06", 5851.10 
"2016-01-07", 5721.00 
"2016-01-08", 5721.60 
"2016-01-11", 5725.40 
"2016-01-12", 5617.70 
"2016-01-13", 5509.80 
"2016-01-14", 5535.90 
"2016-01-15", 5416.80 
"2016-01-19", 5425.40 
"2016-01-20", 5354.30 
"2016-01-21", 5433.20 
"2016-01-22", 5550.90 
"2016-01-25", 5633.10 
"2016-01-26", 5658.90 
"2016-01-27", 5668.30 
"2016-01-28", 5855.60 
"2016-01-29", 6210.20 
"2016-02-01", 6211.20 
"2016-02-02", 5908.20 
"2016-02-03", 5774.10 
"2016-02-04", 5990.50 
"2016-02-05", 5863.50 
"2016-02-08", 5852.00 
"2016-02-09", 5730.00 
"2016-02-10", 5870.10 
"2016-02-11", 5804.70 
"2016-02-12", 5873.70 
"2016-02-16", 6020.60 
"2016-02-17", 6089.90 
"2016-02-18", 6096.60 
"2016-02-19", 6080.30 
"2016-02-22", 6067.80 
"2016-02-23", 5929.80 
"2016-02-24", 5909.30 
"2016-02-25", 5902.50 
"2016-02-26", 5963.60 
"2016-02-29", 5876.40 
"2016-03-01", 5912.10 
"2016-03-02", 5951.70 
"2016-03-03", 6117.80 
"2016-03-04", 6130.10 
"2016-03-07", 6184.80 
"2016-03-08", 6172.70 
"2016-03-09", 6193.40 
"2016-03-10", 6206.00 
"2016-03-11", 6187.30 
"2016-03-14", 6176.80 
"2016-03-15", 6175.50 
"2016-03-16", 6196.90 
"2016-03-17", 6260.60 
"2016-03-18", 6497.20 
"2016-03-21", 6474.00 
"2016-03-22", 6457.00 
"2016-03-23", 6283.90 
"2016-03-24", 6298.10 
"2016-03-28", 6201.10 
"2016-03-29", 6333.10 
"2016-03-30", 6387.30 
"2016-03-31", 6413.10 
"2016-04-01", 6477.30 
"2016-04-04", 6469.70 
"2016-04-05", 6323.70 
"2016-04-06", 6234.00 
"2016-04-07", 6297.60 
"2016-04-08", 6393.80 
"2016-04-11", 6381.90 
"2016-04-12", 6424.80 
"2016-04-13", 6426.40 
"2016-04-14", 6462.40 
"2016-04-15", 6521.40 
"2016-04-18", 6439.10 
"2016-04-19", 6408.20 
"2016-04-20", 6438.60 
"2016-04-21", 6509.00 
"2016-04-22", 6528.20 
"2016-04-25", 6473.80 
"2016-04-26", 6446.20 
"2016-04-27", 6521.30 
"2016-04-28", 6574.70 
"2016-04-29", 6599.50 
"2016-05-02", 6558.50 
"2016-05-03", 6556.60 
"2016-05-04", 6593.10 
"2016-05-05", 6587.90 
"2016-05-06", 6598.90 
"2016-05-09", 6492.00 
"2016-05-10", 6422.20 
"2016-05-11", 6354.10 
"2016-05-12", 6346.10 
"2016-05-13", 6307.90 
"2016-05-16", 6256.70 
"2016-05-17", 6150.30 
"2016-05-18", 6046.80 
"2016-05-19", 5914.70 
"2016-05-20", 5985.40 
"2016-05-23", 6017.50 
"2016-05-24", 6052.00 
"2016-05-25", 6007.10 
"2016-05-26", 6007.50 
"2016-05-27", 6011.10 
"2016-05-31", 5907.90 
"2016-06-01", 5877.50 
"2016-06-02", 5816.30 
"2016-06-03", 5932.00 
"2016-06-06", 6077.90 
"2016-06-07", 6095.70 
"2016-06-08", 6056.10 
"2016-06-09", 5908.00 
"2016-06-10", 5865.20 
"2016-06-13", 5850.50 
"2016-06-14", 5853.50 
"2016-06-15", 5907.80 
"2016-06-16", 5834.10 
"2016-06-17", 5854.20 
"2016-06-20", 5816.10 
"2016-06-21", 5826.20 
"2016-06-22", 5878.80 
"2016-06-23", 5945.50 
"2016-06-24", 5812.80 
"2016-06-27", 5812.80 
"2016-06-28", 5734.30 
"2016-06-29", 5807.10 
"2016-06-30", 5822.00 
"2016-07-01", 5956.90 
"2016-07-05", 6008.60 
"2016-07-06", 5973.90 
"2016-07-07", 5990.40 
"2016-07-08", 6005.30 
"2016-07-11", 6019.20 
"2016-07-12", 6087.60 
"2016-07-13", 6048.90 
"2016-07-14", 6088.80 
"2016-07-15", 6144.80 
"2016-07-18", 6150.00 
"2016-07-19", 6164.80 
"2016-07-20", 6006.90 
"2016-07-21", 6014.50 
"2016-07-22", 6044.30 
"2016-07-25", 6031.40 
"2016-07-26", 5995.00 
"2016-07-27", 5999.00 
"2016-07-28", 6087.70 
"2016-07-29", 5907.50 
"2016-08-01", 5967.20 
"2016-08-02", 5941.30 
"2016-08-03", 5903.80 
"2016-08-04", 5951.20 
"2016-08-05", 5986.60 
"2016-08-08", 6029.90 
"2016-08-09", 6074.20 
"2016-08-10", 5999.10 
"2016-08-11", 6101.60 
"2016-08-12", 6090.40 
"2016-08-15", 6090.40 
"2016-08-16", 6155.50 
"2016-08-17", 6035.50 
"2016-08-18", 5978.30 
"2016-08-19", 5978.20 
"2016-08-22", 6070.70 
"2016-08-23", 6061.10 
"2016-08-24", 6077.50 
"2016-08-25", 6007.40 
"2016-08-26", 6061.30 
"2016-08-29", 6199.60 
"2016-08-30", 6016.80 
"2016-08-31", 5963.40 
"2016-09-01", 5976.50 
"2016-09-02", 6093.40 
"2016-09-06", 6099.70 
"2016-09-07", 6106.30 
"2016-09-08", 6032.50 
"2016-09-09", 6033.60 
"2016-09-12", 6039.50 
"2016-09-13", 6041.50 
"2016-09-14", 6023.20 
"2016-09-15", 6028.90 
"2016-09-16", 5993.50 
"2016-09-19", 5993.50 
"2016-09-20", 6016.60 
"2016-09-21", 6018.20 
"2016-09-22", 6067.70 
"2016-09-23", 6126.80 
"2016-09-26", 6171.50 
"2016-09-27", 6095.40 
"2016-09-28", 6119.20 
"2016-09-29", 6139.90 
"2016-09-30", 6150.20 
"2016-10-03", 6156.40 
"2016-10-04", 6163.70 
"2016-10-05", 6195.70 
"2016-10-06", 6184.40 
"2016-10-07", 6133.80 
"2016-10-10", 6133.80 
"2016-10-11", 6193.60 
"2016-10-12", 6172.40 
"2016-10-13", 6170.60 
"2016-10-14", 6189.10 
"2016-10-17", 6205.40 
"2016-10-18", 6344.30 
"2016-10-19", 6329.20 
"2016-10-20", 6261.80 
"2016-10-21", 6332.10 
"2016-10-24", 6359.50 
"2016-10-25", 6372.70 
"2016-10-26", 6392.80 
"2016-10-27", 6453.30 
"2016-10-28", 6563.80 
"2016-10-31", 6563.80 
"2016-11-01", 6563.80 
"2016-11-02", 6472.90 
"2016-11-03", 6401.90 
"2016-11-04", 6218.00 
"2016-11-07", 6287.80 
"2016-11-08", 6503.30 
"2016-11-09", 6580.90 
"2016-11-10", 6458.10 
"2016-11-11", 6281.20 
"2016-11-14", 6197.50 
"2016-11-15", 6290.80 
"2016-11-16", 6501.60 
"2016-11-17", 6480.20 
"2016-11-18", 6385.50 
"2016-11-21", 6548.70 
"2016-11-22", 6403.70 
"2016-11-23", 6388.50 
"2016-11-25", 6365.00 
"2016-11-28", 6456.30 
"2016-11-29", 6573.00 
"2016-11-30", 6532.40 
"2016-12-01", 6452.50 
"2016-12-02", 6526.20 
"2016-12-05", 6564.10 
"2016-12-06", 6611.80 
"2016-12-07", 6674.60 
"2016-12-08", 6674.60 
"2016-12-09", 6829.40 
"2016-12-12", 6746.50 
"2016-12-13", 6833.00 
"2016-12-14", 6710.30 
"2016-12-15", 6616.70 
"2016-12-16", 6556.30 
"2016-12-19", 6512.70 
"2016-12-20", 6486.90 
"2016-12-21", 6344.20 
"2016-12-22", 6401.80 
"2016-12-23", 6277.60 
"2016-12-27", 6282.40 
"2016-12-28", 6340.80 
"2016-12-29", 6392.20 
"2016-12-30", 6418.40 
"2017-01-03", 6433.90 
"2017-01-04", 6458.50 
"2017-01-05", 6456.80 
"2017-01-06", 6543.60 
"2017-01-09", 6525.80 
"2017-01-10", 6517.50 
"2017-01-11", 6571.90 
"2017-01-12", 6692.60 
"2017-01-13", 6705.60 
"2017-01-17", 6689.10 
"2017-01-18", 6794.70 
"2017-01-19", 6743.50 
"2017-01-20", 6813.00 
"2017-01-23", 6809.00 
"2017-01-24", 6908.20 
"2017-01-25", 6983.00 
"2017-01-26", 7087.30 
"2017-01-27", 6839.10 
"2017-01-30", 6605.60 
"2017-01-31", 6633.00 
"2017-02-01", 6683.30 
"2017-02-02", 6676.10 
"2017-02-03", 6839.90 
"2017-02-06", 6790.10 
"2017-02-07", 6731.80 
"2017-02-08", 6737.90 
"2017-02-09", 6936.60 
"2017-02-10", 6935.40 
"2017-02-13", 6969.30 
"2017-02-14", 6921.10 
"2017-02-15", 6941.10 
"2017-02-16", 6957.50 
"2017-02-17", 6860.60 
"2017-02-21", 6958.60 
"2017-02-22", 7021.10 
"2017-02-23", 6911.50 
"2017-02-24", 6932.70 
"2017-02-27", 6918.60 
"2017-02-28", 6815.00 
"2017-03-01", 6846.00 
"2017-03-02", 6937.40 
"2017-03-03", 6865.20 
"2017-03-06", 7006.10 
"2017-03-07", 6982.60 
"2017-03-08", 6903.40 
"2017-03-09", 6909.70 
"2017-03-10", 6933.90 
"2017-03-13", 6980.90 
"2017-03-14", 6920.80 
"2017-03-15", 6817.50 
"2017-03-16", 6910.80 
"2017-03-17", 6919.30 
"2017-03-20", 6994.20 
"2017-03-21", 6940.10 
"2017-03-22", 7077.10 
"2017-03-23", 7213.80 
"2017-03-24", 7190.00 
"2017-03-27", 7168.20 
"2017-03-28", 7300.40 
"2017-03-29", 7196.30 
"2017-03-30", 7097.00 
"2017-03-31", 7172.20 
"2017-04-03", 7205.20 
"2017-04-04", 7153.50 
"2017-04-05", 7246.60 
"2017-04-06", 7296.30 
"2017-04-07", 7390.20 
"2017-04-10", 7366.20 
"2017-04-11", 7390.40 
"2017-04-12", 7273.60 
"2017-04-13", 7279.70 
"2017-04-17", 7296.30 
"2017-04-18", 7303.70 
"2017-04-19", 7303.70 
"2017-04-20", 7256.80 
"2017-04-21", 7299.00 
"2017-04-24", 7342.10 
"2017-04-25", 7338.40 
"2017-04-26", 7483.20 
"2017-04-27", 7369.50 
"2017-04-28", 7465.10 
"2017-05-01", 7465.10 
"2017-05-02", 7663.30 
"2017-05-03", 7605.50 
"2017-05-04", 7623.30 
"2017-05-05", 7475.60 
"2017-05-08", 7388.20 
"2017-05-09", 7444.90 
"2017-05-10", 7585.90 
"2017-05-11", 7513.40 
"2017-05-12", 7536.90 
"2017-05-15", 7711.70 
"2017-05-16", 7681.80 
"2017-05-17", 7656.30 
"2017-05-18", 7519.60 
"2017-05-19", 7517.50 
"2017-05-22", 7564.50 
"2017-05-23", 7531.70 
"2017-05-24", 7659.70 
"2017-05-25", 7616.30 
"2017-05-26", 7615.00 
"2017-05-30", 7822.80 
"2017-05-31", 7675.40 
"2017-06-01", 7787.50 
"2017-06-02", 7790.30 
"2017-06-05", 7782.80 
"2017-06-06", 7864.20 
"2017-06-07", 7789.10 
"2017-06-08", 7698.20 
"2017-06-09", 7731.80 
"2017-06-12", 7743.50 
"2017-06-13", 7834.50 
"2017-06-14", 7804.50 
"2017-06-15", 7869.50 
"2017-06-16", 7693.80 
"2017-06-19", 7645.70 
"2017-06-20", 7548.80 
"2017-06-21", 7476.00 
"2017-06-22", 7540.80 
"2017-06-23", 7492.60 
"2017-06-26", 7492.60 
"2017-06-27", 7334.60 
"2017-06-28", 7174.60 
"2017-06-29", 7239.00 
"2017-06-30", 7249.00 
"2017-07-03", 7307.10 
"2017-07-05", 7443.20 
"2017-07-06", 7365.40 
"2017-07-07", 7535.90 
"2017-07-10", 7660.20 
"2017-07-11", 7632.00 
"2017-07-12", 7694.50 
"2017-07-13", 7755.50 
"2017-07-14", 7828.50 
"2017-07-17", 7883.50 
"2017-07-18", 7885.90 
"2017-07-19", 7915.50 
"2017-07-20", 7920.30 
"2017-07-21", 7797.50 
"2017-07-24", 7724.00 
"2017-07-25", 7707.50 
"2017-07-26", 7816.30 
"2017-07-27", 7886.60 
"2017-07-28", 7913.70 
"2017-07-31", 7915.80 
"2017-08-01", 7977.20 
"2017-08-02", 7915.30 
"2017-08-03", 7794.80 
"2017-08-04", 7987.60 
"2017-08-07", 8197.50 
"2017-08-08", 8079.80 
"2017-08-09", 7957.50 
"2017-08-10", 8090.70 
"2017-08-11", 8042.30 
"2017-08-14", 8083.80 
"2017-08-15", 8083.80 
"2017-08-16", 8212.10 
"2017-08-17", 8178.10 
"2017-08-18", 8126.40 
"2017-08-21", 8068.90 
"2017-08-22", 8186.90 
"2017-08-23", 8193.80 
"2017-08-24", 8198.30 
"2017-08-25", 8184.60 
"2017-08-28", 8148.20 
"2017-08-29", 8122.20 
"2017-08-30", 8081.60 
"2017-08-31", 8022.30 
"2017-09-01", 8157.10 
"2017-09-05", 7973.80 
"2017-09-06", 7930.20 
"2017-09-07", 8032.40 
"2017-09-08", 7952.80 
"2017-09-11", 8099.30 
"2017-09-12", 8033.10 
"2017-09-13", 8015.70 
"2017-09-14", 7987.00 
"2017-09-15", 8139.90 
"2017-09-18", 8139.90 
"2017-09-19", 8139.90 
"2017-09-20", 8238.30 
"2017-09-21", 8364.80 
"2017-09-22", 8355.00 
"2017-09-25", 8393.30 
"2017-09-26", 8314.20 
"2017-09-27", 8318.70 
"2017-09-28", 8351.60 
"2017-09-29", 8380.30 
"2017-10-02", 8435.90 
"2017-10-03", 8584.50 
"2017-10-04", 8699.90 
"2017-10-05", 8569.60 
"2017-10-06", 8698.50 
"2017-10-09", 8698.50 
"2017-10-10", 8848.90 
"2017-10-11", 9142.10 
"2017-10-12", 9086.90 
"2017-10-13", 9307.40 
"2017-10-16", 9419.30 
"2017-10-17", 9664.50 
"2017-10-18", 9737.40 
"2017-10-19", 9541.10 
"2017-10-20", 9656.80 
"2017-10-23", 9794.00 
"2017-10-24", 9658.40 
"2017-10-25", 9358.10 
"2017-10-26", 9433.00 
"2017-10-27", 9433.00 
"2017-10-30", 9826.40 
"2017-10-31", 9808.10 
"2017-11-01", 9808.10 
"2017-11-02", 9703.40 
"2017-11-03", 9458.00 
"2017-11-06", 9472.00 
"2017-11-07", 9531.80 
"2017-11-08", 9532.80 
"2017-11-09", 9522.30 
"2017-11-10", 9378.50 
"2017-11-13", 9180.40 
"2017-11-14", 9174.30 
"2017-11-15", 9070.80 
"2017-11-16", 9058.20 
"2017-11-17", 9240.70 
"2017-11-20", 8606.20 
"2017-11-21", 8842.60 
"2017-11-22", 8803.90 
"2017-11-24", 8615.20 
"2017-11-27", 8422.60 
"2017-11-28", 8704.90 
"2017-11-29", 8742.00 
"2017-11-30", 8686.50 
"2017-12-01", 8628.20 
"2017-12-04", 8650.30 
"2017-12-05", 8322.70 
"2017-12-06", 8078.80 
"2017-12-07", 8205.40 
"2017-12-08", 8205.40 
"2017-12-11", 8718.20 
"2017-12-12", 8732.40 
"2017-12-13", 8641.20 
"2017-12-14", 8918.30 
"2017-12-15", 9246.60 
"2017-12-18", 9955.20 
"2017-12-19", 9718.50 
"2017-12-20", 9647.70 
"2017-12-21", 9481.60 
"2017-12-22", 9777.80 
"2017-12-26", 9793.90 
"2017-12-27", 9667.60 
"2017-12-28", 9774.90 
"2017-12-29", 9715.60 
"2018-01-02", 9838.60 
"2018-01-03", 9758.20 
"2018-01-04", 9788.70 
"2018-01-05", 9963.60 
"2018-01-08", 9947.70 
"2018-01-09", 9885.80 
"2018-01-10", 9711.80 
"2018-01-11", 9870.30 
"2018-01-12", 9946.30 
"2018-01-16", 9895.00 
"2018-01-17", 9878.20 
"2018-01-18", 10185.00 
"2018-01-19", 10481.00 
"2018-01-22", 10242.00 
"2018-01-23", 9952.20 
"2018-01-24", 10005.00 
"2018-01-25", 9950.30 
"2018-01-26", 10172.00 
"2018-01-29", 10415.00 
"2018-01-30", 10448.00 
"2018-01-31", 10469.00 
"2018-02-01", 10414.00 
"2018-02-02", 10421.00 
"2018-02-05", 10205.00 
"2018-02-06", 10111.00 
"2018-02-07", 10208.00 
"2018-02-08", 9957.30 
"2018-02-09", 9882.90 
"2018-02-12", 9798.50 
"2018-02-13", 9544.00 
"2018-02-14", 9741.20 
"2018-02-15", 9957.30 
"2018-02-16", 9865.80 
"2018-02-20", 9989.10 
"2018-02-21", 9978.90 
"2018-02-22", 9987.60 
"2018-02-23", 9959.80 
"2018-02-26", 9682.40 
"2018-02-27", 9519.20 
"2018-02-28", 9611.60 
"2018-03-01", 9489.50 
"2018-03-02", 9538.60 
"2018-03-05", 9645.30 
"2018-03-06", 9705.20 
"2018-03-07", 9622.30 
"2018-03-08", 9661.00 
"2018-03-09", 9849.40 
"2018-03-12", 9733.10 
"2018-03-13", 9805.20 
"2018-03-14", 9731.70 
"2018-03-15", 9650.50 
"2018-03-16", 9735.10 
"2018-03-19", 9659.30 
"2018-03-20", 9514.60 
"2018-03-21", 9439.30 
"2018-03-22", 9368.50 
"2018-03-23", 9315.80 
"2018-03-26", 9335.00 
"2018-03-27", 9446.40 
"2018-03-28", 9468.30 
"2018-03-29", 9480.20 
"2018-04-02", 9417.90 
"2018-04-03", 9527.70 
"2018-04-04", 9598.50 
"2018-04-05", 9774.20 
"2018-04-06", 9704.10 
"2018-04-09", 9593.00 
"2018-04-10", 9574.30 
"2018-04-11", 9669.00 
"2018-04-12", 9670.60 
"2018-04-13", 9671.00 
"2018-04-16", 9608.30 
"2018-04-17", 9762.90 
"2018-04-18", 9975.40 
"2018-04-19", 9998.70 
"2018-04-20", 9941.30 
"2018-04-23", 9996.40 
"2018-04-24", 9994.40 
"2018-04-25", 10001.00 
"2018-04-26", 10013.00 
"2018-04-27", 10049.00 
"2018-04-30", 10013.00 
"2018-05-01", 10013.00 
"2018-05-02", 9923.10 
"2018-05-03", 9859.00 
"2018-05-04", 9949.20 
"2018-05-07", 9792.40 
"2018-05-08", 9748.60 
"2018-05-09", 9861.00 
"2018-05-10", 9940.80 
"2018-05-11", 9999.90 
"2018-05-14", 9982.40 
"2018-05-15", 10037.00 
"2018-05-16", 10079.00 
"2018-05-17", 9910.80 
"2018-05-18", 9933.00 
"2018-05-21", 9933.00 
"2018-05-22", 9955.10 
"2018-05-23", 9893.20 
"2018-05-24", 9924.20 
"2018-05-25", 9792.70 
"2018-05-29", 9921.40 
"2018-05-30", 9741.10 
"2018-05-31", 9632.70 
"2018-06-01", 9812.50 
"2018-06-04", 9946.60 
"2018-06-05", 9966.50 
"2018-06-06", 9962.00 
"2018-06-07", 10143.00 
"2018-06-08", 10236.00 
"2018-06-11", 10196.00 
"2018-06-12", 10208.00 
"2018-06-13", 10103.00 
"2018-06-14", 10082.00 
"2018-06-15", 10041.00 
"2018-06-18", 9984.50 
"2018-06-19", 9912.90 
"2018-06-20", 9916.30 
"2018-06-21", 9901.60 
"2018-06-22", 9889.60 
"2018-06-25", 9685.90 
"2018-06-26", 9812.30 
"2018-06-27", 9935.10 
"2018-06-28", 9831.80 
"2018-06-29", 10048.00 
"2018-07-02", 10048.00 
"2018-07-03", 9980.60 
"2018-07-05", 10016.00 
"2018-07-06", 9989.90 
"2018-07-09", 10122.00 
"2018-07-10", 10083.00 
"2018-07-11", 9986.10 
"2018-07-12", 9993.50 
"2018-07-13", 10053.00 
"2018-07-16", 10053.00 
"2018-07-17", 10055.00 
"2018-07-18", 10069.00 
"2018-07-19", 9995.00 
"2018-07-20", 10097.00 
"2018-07-23", 10110.00 
"2018-07-24", 10130.00 
"2018-07-25", 10191.00 
"2018-07-26", 10197.00 
"2018-07-27", 10120.00 
"2018-07-30", 10124.00 
"2018-07-31", 10235.00 
"2018-08-01", 10231.00 
"2018-08-02", 10135.00 
"2018-08-03", 10094.00 
"2018-08-06", 10104.00 
"2018-08-07", 10102.00 
"2018-08-08", 10117.00 
"2018-08-09", 10030.00 
"2018-08-10", 9994.80 
"2018-08-13", 9979.00 
"2018-08-14", 10108.00 
"2018-08-15", 10108.00 
"2018-08-16", 10204.00 
"2018-08-17", 10163.00 
"2018-08-20", 10131.00 
"2018-08-21", 10189.00 
"2018-08-22", 10295.00 
"2018-08-23", 10269.00 
"2018-08-24", 10301.00 
"2018-08-27", 10329.00 
"2018-08-28", 10387.00 
"2018-08-29", 10454.00 
"2018-08-30", 10466.00 
"2018-08-31", 10393.00 
"2018-09-04", 10245.00 
"2018-09-05", 10262.00 
"2018-09-06", 10249.00 
"2018-09-07", 10189.00 
"2018-09-10", 10192.00 
"2018-09-11", 10171.00 
"2018-09-12", 10311.00 
"2018-09-13", 10460.00 
"2018-09-14", 10422.00 
"2018-09-17", 10422.00 
"2018-09-18", 10422.00 
"2018-09-19", 10422.00 
"2018-09-20", 10465.00 
"2018-09-21", 10440.00 
"2018-09-24", 10407.00 
"2018-09-25", 10344.00 
"2018-09-26", 10291.00 
"2018-09-27", 10335.00 
"2018-09-28", 10162.00 
"2018-10-01", 10213.00 
"2018-10-02", 10198.00 
"2018-10-03", 10251.00 
"2018-10-04", 10229.00 
"2018-10-05", 10092.00 
"2018-10-08", 10233.00 
"2018-10-09", 10223.00 
"2018-10-10", 10001.00 
"2018-10-11", 9873.70 
"2018-10-12", 9831.70 
"2018-10-15", 9831.70 
"2018-10-16", 9794.50 
"2018-10-17", 9668.30 
"2018-10-18", 9583.20 
"2018-10-19", 9537.40 
"2018-10-22", 9585.70 
"2018-10-23", 9653.70 
"2018-10-24", 9638.10 
"2018-10-25", 9541.90 
"2018-10-26", 9528.00 
"2018-10-29", 9518.30 
"2018-10-30", 9567.80 
"2018-10-31", 9755.80 
"2018-11-01", 9755.80 
"2018-11-02", 9755.80 
"2018-11-05", 10068.00 
"2018-11-06", 10083.00 
"2018-11-07", 9989.60 
"2018-11-08", 10023.00 
"2018-11-09", 9870.80 
"2018-11-12", 9728.60 
"2018-11-13", 9691.50 
"2018-11-14", 9764.80 
"2018-11-15", 9889.80 
"2018-11-16", 9844.60 
"2018-11-19", 9774.30 
"2018-11-20", 9661.80 
"2018-11-21", 9683.20 
"2018-11-23", 9503.50 
"2018-11-26", 9412.60 
"2018-11-27", 9373.00 
"2018-11-28", 9195.40 
"2018-11-29", 9333.30 
"2018-11-30", 9069.50 
"2018-12-03", 9210.80 
"2018-12-04", 9132.00 
"2018-12-06", 9152.90 
"2018-12-07", 8975.50 
"2018-12-10", 8800.70 
"2018-12-11", 8553.90 
"2018-12-12", 8686.90 
"2018-12-13", 8848.90 
"2018-12-14", 8790.40 
"2018-12-17", 8581.80 
"2018-12-18", 8588.40 
"2018-12-19", 8527.20 
"2018-12-20", 8295.10 
"2018-12-21", 8341.90 
"2018-12-24", 8268.60 
"2018-12-26", 8347.10 
"2018-12-27", 8262.10 
"2018-12-28", 8327.80 
"2018-12-31", 8327.80 
